scenario,obj
0,113319353.18280466
1,113289328.03280751
2,113330658.93012553
3,113322929.02263579
4,113308559.27089448
5,113330861.44029573
6,113327750.66728856
7,113335284.75663628
8,113298800.30250575
9,113295272.22507684
10,113333414.35693012
11,113275857.24809317
12,113326308.70572531
13,113251799.02083853
14,113322178.05224064
15,113324694.13523301
16,113333269.50164104
17,113321855.06246567
18,113330812.24251135
19,113324952.55957258
20,113303191.87179674
